"Qubit","T1 (us)","T2 (us)","Readout assignment error","Prob meas0 prep1","Prob meas1 prep0","Readout length (ns)","ID error","Single-qubit gate length (ns)","RX error","Z-axis rotation (rz) error","√x (sx) error","Pauli-X error","Gate length (ns)","CZ error","RZZ error","MEASURE error","Operational"
"0","43.497054703670194","42.63157636617575","0.01513671875","0.024169921875","0.006103515625","1560","0.0020765398452825086","24","0.0020765398452825086","0","0.0020765398452825086","0.0020765398452825086","1:68","1:0.006820253735916909","1:0.007617451806561121","0.01513671875","Yes"
"1","206.68647168048835","232.30803750790153","0.0272216796875","0.03173828125","0.022705078125","1560","0.0003257334841950215","24","0.0003257334841950215","0","0.0003257334841950215","0.0003257334841950215","2:68;0:68","2:0.0029080271333511154;0:0.006820253735916909","2:0.002027788123441482;0:0.007617451806561121","0.0272216796875","Yes"
"2","278.20223627107595","187.15144981532254","0.007568359375","0.00927734375","0.005859375","1560","0.00013416254258131913","24","0.00013416254258131913","0","0.00013416254258131913","0.00013416254258131913","1:68;3:68","1:0.0029080271333511154;3:0.0017912547916698052","1:0.002027788123441482;3:0.0017498644624564519","0.007568359375","Yes"
"3","245.98874061400912","260.3591322917931","0.0460205078125","0.04345703125","0.048583984375","1560","0.00028176356957390684","24","0.00028176356957390684","0","0.00028176356957390684","0.00028176356957390684","16:68;2:68;4:68","16:0.0020756170414928388;2:0.0017912547916698052;4:0.0019756165077149945","16:0.0022033859798671618;2:0.0017498644624564519;4:0.002869675390263643","0.0460205078125","Yes"
"4","236.2669889196619","170.19875248623362","0.0064697265625","0.01025390625","0.002685546875","1560","0.00024753997556149857","24","0.00024753997556149857","0","0.00024753997556149857","0.00024753997556149857","3:68;5:68","3:0.0019756165077149945;5:0.0018600773142226357","3:0.002869675390263643;5:0.0025758680820547886","0.0064697265625","Yes"
"5","215.00727432579333","215.28327973940316","0.0447998046875","0.042724609375","0.046875","1560","0.00019402019215818643","24","0.00019402019215818643","0","0.00019402019215818643","0.00019402019215818643","6:68;4:68","6:0.01649522744918422;4:0.0018600773142226357","6:0.007695536066703562;4:0.0025758680820547886","0.0447998046875","Yes"
"6","203.65912144419042","159.03094663014772","0.0201416015625","0.017578125","0.022705078125","1560","0.0001821501643508248","24","0.0001821501643508248","0","0.0001821501643508248","0.0001821501643508248","5:68;7:68","5:0.01649522744918422;7:0.002567439795584464","5:0.007695536066703562;7:0.0028054948757402776","0.0201416015625","Yes"
"7","115.12380837571328","39.63691561106597","0.03466796875","0.041259765625","0.028076171875","1560","0.000374229144091406","24","0.000374229144091406","0","0.000374229144091406","0.000374229144091406","17:68;6:68;8:68","17:0.002590378435117724;6:0.002567439795584464;8:0.002809479383629826","17:0.0027360846658501525;6:0.0028054948757402776;8:0.003980055116072717","0.03466796875","Yes"
"8","166.75253960228352","43.506228896387164","0.0062255859375","0.00830078125","0.004150390625","1560","0.00036870460722800467","24","0.00036870460722800467","0","0.00036870460722800467","0.00036870460722800467","9:68;7:68","9:0.0037533766018116588;7:0.002809479383629826","9:0.002883499902953668;7:0.003980055116072717","0.0062255859375","Yes"
"9","183.1936434301064","20.83142867567949","0.0106201171875","0.01025390625","0.010986328125","1560","0.00017385641497694567","24","0.00017385641497694567","0","0.00017385641497694567","0.00017385641497694567","8:68;10:68","8:0.0037533766018116588;10:0.004278114101420427","8:0.002883499902953668;10:0.0023775461541138687","0.0106201171875","Yes"
"10","237.79624932787536","121.95594953068394","0.0120849609375","0.009765625","0.01171875","1560","0.00023363676852773511","24","0.00023363676852773511","0","0.00023363676852773511","0.00023363676852773511","9:68;11:68","9:0.004278114101420427;11:0.011412525571743465","9:0.0023775461541138687;11:0.010241469883448762","0.0120849609375","Yes"
"11","36.26516350699459","4.667395302406828","0.0618896484375","0.07373046875","0.050048828125","1560","0.0021261867863097304","24","0.0021261867863097304","0","0.0021261867863097304","0.0021261867863097304","18:68;10:68;12:68","18:0.009588676054763684;10:0.011412525571743465;12:0.008033412431233816","18:0.010629498900161655;10:0.010241469883448762;12:0.008717868677628332","0.0618896484375","Yes"
"12","70.80101353090306","68.33662895581982","0.02294921875","0.0283203125","0.017578125","1560","0.00029077088234029646","24","0.00029077088234029646","0","0.00029077088234029646","0.00029077088234029646","13:68;11:68","13:0.003779554048986916;11:0.008033412431233816","13:0.0033005419205188458;11:0.008717868677628332","0.02294921875","Yes"
"13","289.2294872793967","215.7319431518636","0.0108642578125","0.014404296875","0.00732421875","1560","0.00035649717814903665","24","0.00035649717814903665","0","0.00035649717814903665","0.00035649717814903665","12:68;14:68","12:0.003779554048986916;14:0.0015485335187294114","12:0.0033005419205188458;14:0.0015543211447652527","0.0108642578125","Yes"
"14","189.80946206406642","70.32127157993922","0.0045166015625","0.00439453125","0.004638671875","1560","0.00026803344240565637","24","0.00026803344240565637","0","0.00026803344240565637","0.00026803344240565637","15:68;13:68","15:0.0016698242311281586;13:0.0015485335187294114","15:0.0018540505256212925;13:0.0015543211447652527","0.0045166015625","Yes"
"15","189.0019645099029","140.16229846569783","0.02294921875","0.017822265625","0.028076171875","1560","0.00014508532540062228","24","0.00014508532540062228","0","0.00014508532540062228","0.00014508532540062228","14:68;19:68","14:0.0016698242311281586;19:0.0028870498508339892","14:0.0018540505256212925;19:0.00241058182921719","0.02294921875","Yes"
"16","124.2381526173554","99.33563480310896","0.0048828125","0.0087890625","0.0009765625","1560","0.0003429760320854005","24","0.0003429760320854005","0","0.0003429760320854005","0.0003429760320854005","23:68;3:68","23:0.003948965035763918;3:0.0020756170414928388","23:0.0028347495867548644;3:0.0022033859798671618","0.0048828125","Yes"
"17","200.93323551412118","96.77192430982895","0.3328857421875","0.14111328125","0.524658203125","1560","0.00024044867756067815","24","0.00024044867756067815","0","0.00024044867756067815","0.00024044867756067815","7:68;27:68","7:0.002590378435117724;27:0.025383995148327648","7:0.0027360846658501525;27:0.042587873995225844","0.3328857421875","Yes"
"18","150.78960617878997","73.13772864540667","0.0135498046875","0.0107421875","0.016357421875","1560","0.0003847635098947142","24","0.0003847635098947142","0","0.0003847635098947142","0.0003847635098947142","11:68;31:68","11:0.009588676054763684;31:0.0040896717662568804","11:0.010629498900161655;31:0.004183133992557625","0.0135498046875","Yes"
"19","167.908625855862","141.2040983994646","0.01025390625","0.012451171875","0.008056640625","1560","0.0005486531966232783","24","0.0005486531966232783","0","0.0005486531966232783","0.0005486531966232783","35:68;15:68","35:0.0023468392349149103;15:0.0028870498508339892","35:0.0019781603967990447;15:0.00241058182921719","0.01025390625","Yes"
"20","211.03304500802875","225.07818122301356","0.01123046875","0.014404296875","0.008056640625","1560","0.0004511296861563809","24","0.0004511296861563809","0","0.0004511296861563809","0.0004511296861563809","21:68","21:0.005305058452206524","21:0.0024102062881665998","0.01123046875","Yes"
"21","186.05290349796877","136.41935797517675","0.009033203125","0.01416015625","0.00390625","1560","0.00038637457147385856","24","0.00038637457147385856","0","0.00038637457147385856","0.00038637457147385856","36:68;20:68;22:68","36:0.006830447012642182;20:0.005305058452206524;22:0.0030521447480074404","36:0.004857626044308921;20:0.0024102062881665998;22:0.001932262138331975","0.009033203125","Yes"
"22","129.48851974116286","116.12242992052656","0.0108642578125","0.01708984375","0.004638671875","1560","0.00034038334503810294","24","0.00034038334503810294","0","0.00034038334503810294","0.00034038334503810294","23:68;21:68","23:0.0017499691634772219;21:0.0030521447480074404","23:0.0018133511844953543;21:0.001932262138331975","0.0108642578125","Yes"
"23","227.53926234291612","181.57112055216697","0.004638671875","0.0068359375","0.00244140625","1560","0.00017509286365927014","24","0.00017509286365927014","0","0.00017509286365927014","0.00017509286365927014","22:68;24:68;16:68","22:0.0017499691634772219;24:0.011467863136138429;16:0.003948965035763918","22:0.0018133511844953543;24:0.010363486573922914;16:0.0028347495867548644","0.004638671875","Yes"
"24","159.14859104902027","138.62654557599043","0.0260009765625","0.024169921875","0.02783203125","1560","0.0015990112304524798","24","0.0015990112304524798","0","0.0015990112304524798","0.0015990112304524798","23:68;25:68","23:0.011467863136138429;25:0.027800409661027287","23:0.010363486573922914;25:0.02666105420608822","0.0260009765625","Yes"
"25","104.13630203400292","60.684044289729314","0.0242919921875","0.0263671875","0.022216796875","1560","0.0002638413988458548","24","0.0002638413988458548","0","0.0002638413988458548","0.0002638413988458548","24:68;26:68;37:68","24:0.027800409661027287;26:0.0020823146315242513;37:0.00201630666163502","24:0.02666105420608822;26:0.0021644019153178318;37:0.0017140242188501964","0.0242919921875","Yes"
"26","136.11266016114084","103.2483080839455","0.0146484375","0.01806640625","0.01123046875","1560","0.00023798513705477437","24","0.00023798513705477437","0","0.00023798513705477437","0.00023798513705477437","25:68;27:68","25:0.0020823146315242513;27:0.03257768314841461","25:0.0021644019153178318;27:0.032162817312011455","0.0146484375","Yes"
"27","119.80140728915495","136.4657298491488","0.016845703125","0.029296875","0.007080078125","1560","0.0049112847587319125","24","0.0049112847587319125","0","0.0049112847587319125","0.0049112847587319125","26:68;28:68;17:68","26:0.03257768314841461;17:0.025383995148327648","26:0.032162817312011455;17:0.042587873995225844","0.016845703125","Yes"
"28","197.21444562872375","185.98388375493158","0.007568359375","0.009765625","0.00537109375","1560","0.00021488341601090012","24","0.00021488341601090012","0","0.00021488341601090012","0.00021488341601090012","27:68;29:68","29:0.004946662873422297","29:0.0025320449702897763","0.007568359375","Yes"
"29","54.77226941843581","34.74492987440001","0.0181884765625","0.016845703125","0.01953125","1560","0.00024701839553793823","24","0.00024701839553793823","0","0.00024701839553793823","0.00024701839553793823","38:68;28:68;30:68","38:0.0021424665027657275;28:0.004946662873422297;30:0.0020166133591763835","38:0.0019685894793541325;28:0.0025320449702897763;30:0.002053799878515866","0.0181884765625","Yes"
"30","171.38946646936668","124.90049394931822","0.0125732421875","0.011962890625","0.01318359375","1560","0.00031619038666655505","24","0.00031619038666655505","0","0.00031619038666655505","0.00031619038666655505","31:68;29:68","31:0.0036557996397136583;29:0.0020166133591763835","31:0.004440695814717538;29:0.002053799878515866","0.0125732421875","Yes"
"31","168.40452638488895","36.29282492131301","0.020263671875","0.02734375","0.01318359375","1560","0.00037937312930339196","24","0.00037937312930339196","0","0.00037937312930339196","0.00037937312930339196","30:68;32:68;18:68","30:0.0036557996397136583;32:0.033275080560145054;18:0.0040896717662568804","30:0.004440695814717538;32:0.0069151563919594705;18:0.004183133992557625","0.020263671875","Yes"
"32","113.56259016670833","89.55928691886328","0.024169921875","0.0302734375","0.01806640625","1560","0.0003622889772981114","24","0.0003622889772981114","0","0.0003622889772981114","0.0003622889772981114","31:68;33:68","31:0.033275080560145054","31:0.0069151563919594705","0.024169921875","Yes"
"33","112.93027333044502","156.35610061086055","0.018310546875","0.029541015625","0.007080078125","1560","0.00032024362911636903","24","0.00032024362911636903","0","0.00032024362911636903","0.00032024362911636903","39:68;32:68;34:68","39:0.001889214177012044;34:0.0023655212248834268","39:0.0032825873207096012;34:0.0028977510545271645","0.018310546875","Yes"
"34","162.52308593172478","94.01377664235918","0.0111083984375","0.01025390625","0.011962890625","1560","0.000553846929661673","24","0.000553846929661673","0","0.000553846929661673","0.000553846929661673","33:68;35:68","33:0.0023655212248834268;35:0.001653610325218019","33:0.0028977510545271645;35:0.0021891176689431413","0.0111083984375","Yes"
"35","162.9483114562027","44.91778158784244","0.0179443359375","0.019775390625","0.01611328125","1560","0.0002501746633516172","24","0.0002501746633516172","0","0.0002501746633516172","0.0002501746633516172","19:68;34:68","19:0.0023468392349149103;34:0.001653610325218019","19:0.0019781603967990447;34:0.0021891176689431413","0.0179443359375","Yes"
"36","173.79263637241965","147.47018119303166","0.0059814453125","0.0087890625","0.003173828125","1560","0.0007551087352328066","24","0.0007551087352328066","0","0.0007551087352328066","0.0007551087352328066","41:68;21:68","41:0.0022417845217884425;21:0.006830447012642182","41:0.002076440592108625;21:0.004857626044308921","0.0059814453125","Yes"
"37","146.24334409870556","120.51202025684394","0.013671875","0.014404296875","0.012939453125","1560","0.0002493259844857361","24","0.0002493259844857361","0","0.0002493259844857361","0.0002493259844857361","45:68;25:68","45:0.00201139332983169;25:0.00201630666163502","45:0.0017242405139621664;25:0.0017140242188501964","0.013671875","Yes"
"38","18.953728480303276","24.679389199654832","0.0108642578125","0.013671875","0.008056640625","1560","0.00044919217166594367","24","0.00044919217166594367","0","0.00044919217166594367","0.00044919217166594367","29:68;49:68","29:0.0021424665027657275;49:0.002868283730518867","29:0.0019685894793541325;49:0.0024169099667123717","0.0108642578125","Yes"
"39","139.980711146124","176.04612399561577","0.015625","0.02294921875","0.00830078125","1560","0.0005254944446198096","24","0.0005254944446198096","0","0.0005254944446198096","0.0005254944446198096","53:68;33:68","53:0.006969627756701929;33:0.001889214177012044","53:0.005107404423581707;33:0.0032825873207096012","0.015625","Yes"
"40","142.18904409588438","57.74262370482737","0.023193359375","0.02392578125","0.0224609375","1560","0.0005293617742050741","24","0.0005293617742050741","0","0.0005293617742050741","0.0005293617742050741","41:68","41:0.002323705262733511","41:0.0034562400484066114","0.023193359375","Yes"
"41","219.33041062962272","155.51387593690194","0.1107177734375","0.10498046875","0.116455078125","1560","0.0001379889390809993","24","0.0001379889390809993","0","0.0001379889390809993","0.0001379889390809993","40:68;42:68;36:68","40:0.002323705262733511;42:0.0031183569374321207;36:0.0022417845217884425","40:0.0034562400484066114;42:0.002533861339114457;36:0.002076440592108625","0.1107177734375","Yes"
"42","68.89960033069009","29.44561624739248","0.009033203125","0.013916015625","0.004150390625","1560","0.0003706157305414823","24","0.0003706157305414823","0","0.0003706157305414823","0.0003706157305414823","41:68;43:68","41:0.0031183569374321207;43:0.0059430970555686136","41:0.002533861339114457;43:0.007482545105149174","0.009033203125","Yes"
"43","165.6216799876115","104.27550193201407","0.119140625","0.1171875","0.12109375","1560","0.0008434667348234038","24","0.0008434667348234038","0","0.0008434667348234038","0.0008434667348234038","42:68;56:68;44:68","42:0.0059430970555686136;56:0.0050400049397820446;44:0.02259637649332863","42:0.007482545105149174;56:0.005793741016838605;44:0.029309077780182075","0.119140625","Yes"
"44","137.68020083993525","130.5928317706617","0.0078125","0.00830078125","0.005615234375","1560","0.00044894384963259165","24","0.00044894384963259165","0","0.00044894384963259165","0.00044894384963259165","45:68;43:68","45:0.002059058721773227;43:0.02259637649332863","45:0.0019059865958519218;43:0.029309077780182075","0.0078125","Yes"
"45","153.4612495199788","138.1788453510672","0.053466796875","0.046142578125","0.060791015625","1560","0.0005186796052558246","24","0.0005186796052558246","0","0.0005186796052558246","0.0005186796052558246","44:68;46:68;37:68","44:0.002059058721773227;46:0.0025388680925406415;37:0.00201139332983169","44:0.0019059865958519218;46:0.0028365087785340304;37:0.0017242405139621664","0.053466796875","Yes"
"46","85.98913325617133","12.16456340688764","0.0081787109375","0.00830078125","0.008056640625","1560","0.0004343525811707473","24","0.0004343525811707473","0","0.0004343525811707473","0.0004343525811707473","45:68;47:68","45:0.0025388680925406415;47:0.0024981440399909627","45:0.0028365087785340304;47:0.003012425650281453","0.0081787109375","Yes"
"47","193.23748930077056","65.01054112787095","0.03125","0.034912109375","0.027587890625","1560","0.0002840595604686908","24","0.0002840595604686908","0","0.0002840595604686908","0.0002840595604686908","48:68;57:68;46:68","48:0.0020204672683208635;57:0.007523114143773657;46:0.0024981440399909627","48:0.0021840326053352843;57:0.011656575247030482;46:0.003012425650281453","0.03125","Yes"
"48","189.88049621514043","46.546500737386914","0.005615234375","0.00634765625","0.0048828125","1560","0.00022894340418236215","24","0.00022894340418236215","0","0.00022894340418236215","0.00022894340418236215","47:68;49:68","47:0.0020204672683208635;49:0.0026038172982105756","47:0.0021840326053352843;49:0.006110848886939468","0.005615234375","Yes"
"49","102.25228691647216","28.845583825900334","0.044677734375","0.046630859375","0.042724609375","1560","0.0002897363997264185","24","0.0002897363997264185","0","0.0002897363997264185","0.0002897363997264185","48:68;50:68;38:68","48:0.0026038172982105756;50:0.0026501439767559754;38:0.002868283730518867","48:0.006110848886939468;50:0.0021124893698695746;38:0.0024169099667123717","0.044677734375","Yes"
"50","90.99731324095133","93.52608351697755","0.007568359375","0.01025390625","0.0048828125","1560","0.0002862185625130844","24","0.0002862185625130844","0","0.0002862185625130844","0.0002862185625130844","49:68;51:68","49:0.0026501439767559754;51:0.0024335837837123064","49:0.0021124893698695746;51:0.002460743051542591","0.007568359375","Yes"
"51","126.48240731278003","93.71812381270104","0.0811767578125","0.091796875","0.070556640625","1560","0.0002616741256572473","24","0.0002616741256572473","0","0.0002616741256572473","0.0002616741256572473","50:68;52:68;58:68","50:0.0024335837837123064;52:0.0016916457586829137;58:0.0024578291885572756","50:0.002460743051542591;52:0.0034725201287154617;58:0.006150383655905534","0.0811767578125","Yes"
"52","125.99288250090252","108.2194909975084","0.0133056640625","0.019775390625","0.0068359375","1560","0.0002657025204960226","24","0.0002657025204960226","0","0.0002657025204960226","0.0002657025204960226","51:68;53:68","51:0.0016916457586829137;53:0.0023824025366822876","51:0.0034725201287154617;53:0.002142339791480513","0.0133056640625","Yes"
"53","91.6159052461899","13.76317914098642","0.0443115234375","0.0458984375","0.042724609375","1560","0.00018705204818621768","24","0.00018705204818621768","0","0.00018705204818621768","0.00018705204818621768","39:68;52:68;54:68","39:0.006969627756701929;52:0.0023824025366822876;54:0.004083167948067373","39:0.005107404423581707;52:0.002142339791480513;54:0.0036856668486573707","0.0443115234375","Yes"
"54","194.12311977764082","66.83058549829711","0.00830078125","0.0146484375","0.001953125","1560","0.0012595316739760797","24","0.0012595316739760797","0","0.0012595316739760797","0.0012595316739760797","53:68;55:68","53:0.004083167948067373;55:0.0034753517830720393","53:0.0036856668486573707;55:0.004527661024171181","0.00830078125","Yes"
"55","114.72286037235159","138.88378646457235","0.0482177734375","0.059326171875","0.037109375","1560","0.00047467270683976325","24","0.00047467270683976325","0","0.00047467270683976325","0.00047467270683976325","59:68;54:68","59:0.0018437500319692657;54:0.0034753517830720393","59:0.0023789430827142466;54:0.004527661024171181","0.0482177734375","Yes"
"56","157.79292761993213","180.6695965988752","0.01171875","0.013671875","0.009765625","1560","0.0003806871245302698","24","0.0003806871245302698","0","0.0003806871245302698","0.0003806871245302698","63:68;43:68","63:0.005506186317877193;43:0.0050400049397820446","63:0.005530493933598862;43:0.005793741016838605","0.01171875","Yes"
"57","77.10892445543051","29.374197731224672","0.01171875","0.0166015625","0.0068359375","1560","0.0009318103308071666","24","0.0009318103308071666","0","0.0009318103308071666","0.0009318103308071666","47:68;67:68","47:0.007523114143773657;67:0.015244571276458285","47:0.011656575247030482;67:0.017227708602307046","0.01171875","Yes"
"58","139.232881044026","133.69752478946106","0.0089111328125","0.011962890625","0.005859375","1560","0.000265980570175192","24","0.000265980570175192","0","0.000265980570175192","0.000265980570175192","71:68;51:68","71:0.002194593913025511;51:0.0024578291885572756","71:0.0016304234482957813;51:0.006150383655905534","0.0089111328125","Yes"
"59","150.51197537164228","131.37462552388305","0.0059814453125","0.009033203125","0.0029296875","1560","0.0004947749021953075","24","0.0004947749021953075","0","0.0004947749021953075","0.0004947749021953075","55:68;75:68","55:0.0018437500319692657;75:0.002047201003379462","55:0.0023789430827142466;75:0.002600979826241856","0.0059814453125","Yes"
"60","194.17504348868377","43.989563500274016","0.061767578125","0.0556640625","0.06787109375","1560","0.00026090694117824324","24","0.00026090694117824324","0","0.00026090694117824324","0.00026090694117824324","61:68","61:0.002778236184910743","61:0.0015832439339216742","0.061767578125","Yes"
"61","121.226025596357","88.86071805440086","0.067626953125","0.06787109375","0.066162109375","1560","0.00020504332494161552","24","0.00020504332494161552","0","0.00020504332494161552","0.00020504332494161552","76:68;60:68;62:68","76:0.0030732664739238913;60:0.002778236184910743;62:0.0031575529910255196","76:0.002954960062751283;60:0.0015832439339216742;62:0.002576633538860812","0.067626953125","Yes"
"62","131.38479476620319","53.04742803600471","0.0338134765625","0.029541015625","0.0380859375","1560","0.0006461532777572429","24","0.0006461532777572429","0","0.0006461532777572429","0.0006461532777572429","61:68;63:68","61:0.0031575529910255196;63:0.005909577841301333","61:0.002576633538860812;63:0.008544761230727005","0.0338134765625","Yes"
"63","188.85963693008017","13.593917874996668","0.052734375","0.058837890625","0.046630859375","1560","0.0006764766660884647","24","0.0006764766660884647","0","0.0006764766660884647","0.0006764766660884647","56:68;62:68;64:68","56:0.005506186317877193;62:0.005909577841301333;64:0.042421333045509685","56:0.005530493933598862;62:0.008544761230727005;64:0.07433247304770121","0.052734375","Yes"
"64","117.76023850222145","84.95779450149124","0.0074462890625","0.009033203125","0.005859375","1560","0.00029562521940243154","24","0.00029562521940243154","0","0.00029562521940243154","0.00029562521940243154","65:68;63:68","65:0.0029351994122467917;63:0.042421333045509685","65:0.0025531537366854373;63:0.07433247304770121","0.0074462890625","Yes"
"65","143.01987694018405","90.34387363987898","0.095947265625","0.090576171875","0.101318359375","1560","0.00043003018574188913","24","0.00043003018574188913","0","0.00043003018574188913","0.00043003018574188913","64:68;66:68;77:68","64:0.0029351994122467917;66:0.0027004992277503415;77:0.004279199372986958","64:0.0025531537366854373;66:0.0027420780177171145;77:0.0028007854990526604","0.095947265625","Yes"
"66","96.98986036520515","17.65260984846545","0.011474609375","0.013671875","0.00927734375","1560","0.00022563312904899739","24","0.00022563312904899739","0","0.00022563312904899739","0.00022563312904899739","65:68;67:68","65:0.0027004992277503415;67:0.0029683634207836596","65:0.0027420780177171145;67:0.0038405930751958806","0.011474609375","Yes"
"67","155.37290736721","59.30058878660619","0.05419921875","0.052734375","0.0556640625","1560","0.0003108139635215726","24","0.0003108139635215726","0","0.0003108139635215726","0.0003108139635215726","68:68;57:68;66:68","68:0.0031437453597885634;57:0.015244571276458285;66:0.0029683634207836596","68:0.0023816231483657357;57:0.017227708602307046;66:0.0038405930751958806","0.05419921875","Yes"
"68","118.10877390288033","110.20323665679935","0.010986328125","0.0146484375","0.00732421875","1560","0.0002864697856229623","24","0.0002864697856229623","0","0.0002864697856229623","0.0002864697856229623","67:68;69:68","67:0.0031437453597885634;69:0.0041763863228491405","67:0.0023816231483657357;69:0.0038230316441356105","0.010986328125","Yes"
"69","72.70580684036656","32.286058049108185","0.032958984375","0.035888671875","0.030029296875","1560","0.0004588920122117825","24","0.0004588920122117825","0","0.0004588920122117825","0.0004588920122117825","78:68;68:68;70:68","78:0.0028123282389821147;68:0.0041763863228491405;70:0.005561046081996396","78:0.0023453717599881685;68:0.0038230316441356105;70:0.0026283353354575323","0.032958984375","Yes"
"70","73.42839452732767","84.0661004209364","0.0068359375","0.010986328125","0.002685546875","1560","0.00027235610226271915","24","0.00027235610226271915","0","0.00027235610226271915","0.00027235610226271915","69:68;71:68","69:0.005561046081996396;71:0.0030563322141190508","69:0.0026283353354575323;71:0.002254149955412399","0.0068359375","Yes"
"71","170.94162128744276","118.05633291237388","0.013916015625","0.01806640625","0.009765625","1560","0.00027876403725132385","24","0.00027876403725132385","0","0.00027876403725132385","0.00027876403725132385","72:68;58:68;70:68","58:0.002194593913025511;70:0.0030563322141190508","58:0.0016304234482957813;70:0.002254149955412399","0.013916015625","Yes"
"72","11.393168537216084","99.15649886504495","0.43408203125","0.77734375","0.0908203125","1560","","24","","0","","","73:68;71:68","","","0.43408203125","Yes"
"73","149.14515164925953","79.81360549596654","0.046142578125","0.036865234375","0.055419921875","1560","0.0003022024823431496","24","0.0003022024823431496","0","0.0003022024823431496","0.0003022024823431496","72:68;74:68;79:68","74:0.003437028006704007;79:0.002617422271281533","74:0.002240211643386586;79:0.00296816766531649","0.046142578125","Yes"
"74","123.0890788691194","125.99336423362945","0.008056640625","0.010986328125","0.005126953125","1560","0.00040040514408124634","24","0.00040040514408124634","0","0.00040040514408124634","0.00040040514408124634","73:68;75:68","73:0.003437028006704007;75:0.003428319616766512","73:0.002240211643386586;75:0.002373100844679482","0.008056640625","Yes"
"75","105.7824903428379","128.94204977059348","0.006591796875","0.010009765625","0.003173828125","1560","0.0002455898643228562","24","0.0002455898643228562","0","0.0002455898643228562","0.0002455898643228562","59:68;74:68","59:0.002047201003379462;74:0.003428319616766512","59:0.002600979826241856;74:0.002373100844679482","0.006591796875","Yes"
"76","180.38157823909947","73.63798183765702","0.0377197265625","0.0361328125","0.039306640625","1560","0.0002453372862948432","24","0.0002453372862948432","0","0.0002453372862948432","0.0002453372862948432","81:68;61:68","81:0.0018106059769964489;61:0.0030732664739238913","81:0.0017592256146939933;61:0.002954960062751283","0.0377197265625","Yes"
"77","170.60186039409854","52.626569091676174","0.01513671875","0.019775390625","0.010498046875","1560","0.0004272172677937807","24","0.0004272172677937807","0","0.0004272172677937807","0.0004272172677937807","85:68;65:68","85:0.002722936933251846;65:0.004279199372986958","85:0.0021561528582375866;65:0.0028007854990526604","0.01513671875","Yes"
"78","112.90273874117523","109.78637231312064","0.0213623046875","0.0205078125","0.0166015625","1560","0.0003270987290408771","24","0.0003270987290408771","0","0.0003270987290408771","0.0003270987290408771","69:68;89:68","69:0.0028123282389821147;89:0.0036778605053343627","69:0.0023453717599881685;89:0.003418948896122237","0.0213623046875","Yes"
"79","151.45596168849315","47.86071680358118","0.0079345703125","0.011962890625","0.00390625","1560","0.00029658445481993943","24","0.00029658445481993943","0","0.00029658445481993943","0.00029658445481993943","93:68;73:68","93:0.0031834131054317982;73:0.002617422271281533","93:0.0026458820189861065;73:0.00296816766531649","0.0079345703125","Yes"
"80","142.60007254630526","121.77560082593216","0.0125732421875","0.01318359375","0.011962890625","1560","0.00020377344090775521","24","0.00020377344090775521","0","0.00020377344090775521","0.00020377344090775521","81:68","81:0.002399271191297181","81:0.002440911966673176","0.0125732421875","Yes"
"81","161.64028096688327","23.76542181391251","0.038330078125","0.0380859375","0.03857421875","1560","0.00017507751908909494","24","0.00017507751908909494","0","0.00017507751908909494","0.00017507751908909494","80:68;82:68;76:68","80:0.002399271191297181;82:0.0025069992735562985;76:0.0018106059769964489","80:0.002440911966673176;82:0.007811307226340047;76:0.0017592256146939933","0.038330078125","Yes"
"82","101.97762829084255","28.087234558177528","0.018798828125","0.015625","0.02197265625","1560","0.0002629158519044174","24","0.0002629158519044174","0","0.0002629158519044174","0.0002629158519044174","81:68;83:68","81:0.0025069992735562985;83:0.0026499487917191755","81:0.007811307226340047;83:0.002746086367905881","0.018798828125","Yes"
"83","186.85764559445602","163.11127202165352","0.24462890625","0.199462890625","0.289794921875","1560","0.00023136306844738006","24","0.00023136306844738006","0","0.00023136306844738006","0.00023136306844738006","96:68;82:68;84:68","96:0.0019691838753180813;82:0.0026499487917191755;84:0.0026520012017262895","96:0.0024339223546306077;82:0.002746086367905881;84:0.0023570699646331406","0.24462890625","Yes"
"84","151.2535483747135","95.02353317760567","0.0074462890625","0.01220703125","0.002685546875","1560","0.00023898884466157778","24","0.00023898884466157778","0","0.00023898884466157778","0.00023898884466157778","83:68;85:68","83:0.0026520012017262895;85:0.0022663484546885104","83:0.0023570699646331406;85:0.0023859205918652093","0.0074462890625","Yes"
"85","142.3250839610079","33.435366051262335","0.009765625","0.01513671875","0.00439453125","1560","0.00024785190538332164","24","0.00024785190538332164","0","0.00024785190538332164","0.00024785190538332164","77:68;86:68;84:68","77:0.002722936933251846;86:0.0032021844467653715;84:0.0022663484546885104","77:0.0021561528582375866;86:0.0028883517287213167;84:0.0023859205918652093","0.009765625","Yes"
"86","157.0964858028825","93.26740011567965","0.0086669921875","0.010009765625","0.00732421875","1560","0.00022164542668344647","24","0.00022164542668344647","0","0.00022164542668344647","0.00022164542668344647","85:68;87:68","85:0.0032021844467653715;87:0.0021419477840839696","85:0.0028883517287213167;87:0.001649590275803331","0.0086669921875","Yes"
"87","147.33198701730745","138.56265438111487","0.0643310546875","0.069580078125","0.05908203125","1560","0.0003446795378467932","24","0.0003446795378467932","0","0.0003446795378467932","0.0003446795378467932","86:68;88:68;97:68","86:0.0021419477840839696;88:0.0029544688749092163;97:0.002565824727792043","86:0.001649590275803331;88:0.0019560031894185204;97:0.002855743572366065","0.0643310546875","Yes"
"88","134.91230151345715","136.09921415627238","0.010498046875","0.01220703125","0.0087890625","1560","0.0004040263251506925","24","0.0004040263251506925","0","0.0004040263251506925","0.0004040263251506925","87:68;89:68","87:0.0029544688749092163;89:0.003319759206549422","87:0.0019560031894185204;89:0.002271180991027022","0.010498046875","Yes"
"89","197.04121470467743","95.9628088338319","0.0191650390625","0.02783203125","0.010498046875","1560","0.0003411753596773017","24","0.0003411753596773017","0","0.0003411753596773017","0.0003411753596773017","90:68;88:68;78:68","90:0.003008755019495546;88:0.003319759206549422;78:0.0036778605053343627","90:0.0023220767586950575;88:0.002271180991027022;78:0.003418948896122237","0.0191650390625","Yes"
"90","141.5699493337332","133.7216011809094","0.009521484375","0.0126953125","0.00634765625","1560","0.0003705959690454002","24","0.0003705959690454002","0","0.0003705959690454002","0.0003705959690454002","89:68;91:68","89:0.003008755019495546;91:0.002710020794011614","89:0.0023220767586950575;91:0.0021013320142188596","0.009521484375","Yes"
"91","164.20875987871963","18.71105589163578","0.06787109375","0.061279296875","0.074462890625","1560","0.0001808019233884071","24","0.0001808019233884071","0","0.0001808019233884071","0.0001808019233884071","98:68;90:68;92:68","98:0.002026263054073274;90:0.002710020794011614;92:0.0021010151187786374","98:0.009835124293536529;90:0.0021013320142188596;92:0.0017394020573834046","0.06787109375","Yes"
"92","132.244244597475","196.1402029271408","0.00634765625","0.008056640625","0.004638671875","1560","0.00022852424753160608","24","0.00022852424753160608","0","0.00022852424753160608","0.00022852424753160608","91:68;93:68","91:0.0021010151187786374;93:0.0018216503827533925","91:0.0017394020573834046;93:0.0021831193936962257","0.00634765625","Yes"
"93","235.7506923378857","191.52132946901216","0.1263427734375","0.224609375","0.028076171875","1560","0.0005770306362124017","24","0.0005770306362124017","0","0.0005770306362124017","0.0005770306362124017","94:68;79:68;92:68","94:0.00329218127596817;79:0.0031834131054317982;92:0.0018216503827533925","94:0.0028954976213780848;79:0.0026458820189861065;92:0.0021831193936962257","0.1263427734375","Yes"
"94","163.01731644600613","64.0009720738054","0.0152587890625","0.015869140625","0.0146484375","1560","0.00026269547125705857","24","0.00026269547125705857","0","0.00026269547125705857","0.00026269547125705857","93:68;95:68","93:0.00329218127596817;95:0.002841025650867607","93:0.0028954976213780848;95:0.0024399847751041537","0.0152587890625","Yes"
"95","179.12614494410417","176.71800064591474","0.0113525390625","0.0078125","0.009033203125","1560","0.0002903135642096629","24","0.0002903135642096629","0","0.0002903135642096629","0.0002903135642096629","99:68;94:68","99:0.0029546501144386006;94:0.002841025650867607","94:0.0024399847751041537","0.0113525390625","Yes"
"96","108.04046945272505","112.99740193612888","0.0267333984375","0.0263671875","0.027099609375","1560","0.0004046926640085376","24","0.0004046926640085376","0","0.0004046926640085376","0.0004046926640085376","83:68;103:68","83:0.0019691838753180813;103:0.008671273381540556","83:0.0024339223546306077;103:0.004677155413033374","0.0267333984375","Yes"
"97","115.913777547987","144.08245243356268","0.007568359375","0.010498046875","0.004638671875","1560","0.00021565801310063687","24","0.00021565801310063687","0","0.00021565801310063687","0.00021565801310063687","87:68;107:68","87:0.002565824727792043;107:0.0020540020737407627","87:0.002855743572366065;107:0.002162547935139869","0.007568359375","Yes"
"98","99.17368601486832","17.596165247031298","0.0118408203125","0.013916015625","0.009765625","1560","0.00024058839179729542","24","0.00024058839179729542","0","0.00024058839179729542","0.00024058839179729542","91:68;111:68","91:0.002026263054073274;111:0.0028577780995994173","91:0.009835124293536529;111:0.01185401662085711","0.0118408203125","Yes"
"99","109.29221683982819","29.595934430732747","0.0352783203125","0.030517578125","0.0400390625","1560","0.0002446553151698716","24","0.0002446553151698716","0","0.0002446553151698716","0.0002446553151698716","115:68;95:68","115:0.0021611452410162657;95:0.0029546501144386006","","0.0352783203125","Yes"
"100","160.21753770883154","29.37752853867782","0.019775390625","0.024169921875","0.015380859375","1560","0.0006350057917140468","24","0.0006350057917140468","0","0.0006350057917140468","0.0006350057917140468","101:68","101:0.0031513451655238722","101:0.0034712669260815454","0.019775390625","Yes"
"101","166.51741785300268","129.13436588046864","0.1036376953125","0.13720703125","0.070068359375","1560","0.0002697533662771788","24","0.0002697533662771788","0","0.0002697533662771788","0.0002697533662771788","100:68;116:68;102:68","100:0.0031513451655238722;116:0.0019459892210666463;102:0.0036682228563564845","100:0.0034712669260815454;116:0.0020368963242786975;102:0.015525936475400598","0.1036376953125","Yes"
"102","152.55393590583358","89.88461036618078","0.0281982421875","0.036865234375","0.01953125","1560","0.0004492376238398557","24","0.0004492376238398557","0","0.0004492376238398557","0.0004492376238398557","101:68;103:88","101:0.0036682228563564845","101:0.015525936475400598","0.0281982421875","Yes"
"103","98.6974418022673","55.546698267601016","0.0223388671875","0.021484375","0.023193359375","1560","0.0003694705998295739","24","0.0003694705998295739","0","0.0003694705998295739","0.0003694705998295739","104:68;96:68;102:88","104:0.009277836919055649;96:0.008671273381540556","104:0.0034902516180293774;96:0.004677155413033374","0.0223388671875","Yes"
"104","83.90965852146734","72.82298832321415","0.0103759765625","0.0126953125","0.008056640625","1560","0.00021461458237088954","24","0.00021461458237088954","0","0.00021461458237088954","0.00021461458237088954","103:68;105:68","103:0.009277836919055649;105:0.00215577050514848","103:0.0034902516180293774;105:0.002252577041136239","0.0103759765625","Yes"
"105","176.3201598494108","162.72958648130225","0.021240234375","0.024169921875","0.018310546875","1560","0.00022595178944239766","24","0.00022595178944239766","0","0.00022595178944239766","0.00022595178944239766","104:68;106:68;117:68","104:0.00215577050514848;106:0.0017353633504814114;117:0.0019672576493874883","104:0.002252577041136239;106:0.0021486207846815597;117:0.0024754008707294217","0.021240234375","Yes"
"106","110.5476768381711","133.71294486804618","0.0074462890625","0.010498046875","0.00439453125","1560","0.00019709083652736308","24","0.00019709083652736308","0","0.00019709083652736308","0.00019709083652736308","107:68;105:68","107:0.001766814164393865;105:0.0017353633504814114","107:0.0037522898309745867;105:0.0021486207846815597","0.0074462890625","Yes"
"107","136.05393302840662","24.256746851973812","0.018798828125","0.03076171875","0.0068359375","1560","0.0003955650314161146","24","0.0003955650314161146","0","0.0003955650314161146","0.0003955650314161146","106:68;108:68;97:68","106:0.001766814164393865;108:0.002138053909046894;97:0.0020540020737407627","106:0.0037522898309745867;108:0.0017332037044454907;97:0.002162547935139869","0.018798828125","Yes"
"108","113.33906125734785","81.24517622326594","0.0220947265625","0.042724609375","0.00146484375","1560","0.000400660822642768","24","0.000400660822642768","0","0.000400660822642768","0.000400660822642768","107:68;109:68","107:0.002138053909046894;109:0.0024213488538974426","107:0.0017332037044454907;109:0.0018849780024625673","0.0220947265625","Yes"
"109","129.4706861720736","68.30277055594999","0.0206298828125","0.020263671875","0.02099609375","1560","0.00024419662319430044","24","0.00024419662319430044","0","0.00024419662319430044","0.00024419662319430044","108:68;110:68;118:68","108:0.0024213488538974426;110:0.0018800966712535783;118:0.0029106468797774065","108:0.0018849780024625673;110:0.002765408788243967;118:0.0026529961026267868","0.0206298828125","Yes"
"110","114.9909473740285","109.63414707560891","0.007568359375","0.0087890625","0.00634765625","1560","0.0003564623833046069","24","0.0003564623833046069","0","0.0003564623833046069","0.0003564623833046069","109:68;111:68","109:0.0018800966712535783;111:0.0020153371716167545","109:0.002765408788243967;111:0.0042546316962014386","0.007568359375","Yes"
"111","34.32480328799616","50.56386038468454","0.038330078125","0.031982421875","0.044677734375","1560","0.0001815918316060029","24","0.0001815918316060029","0","0.0001815918316060029","0.0001815918316060029","112:68;110:68;98:68","112:0.004089458906321286;110:0.0020153371716167545;98:0.0028577780995994173","112:0.0020393744466888075;110:0.0042546316962014386;98:0.01185401662085711","0.038330078125","Yes"
"112","125.87892749062134","118.42966953281409","0.0078125","0.01025390625","0.0068359375","1560","0.00022324082240473295","24","0.00022324082240473295","0","0.00022324082240473295","0.00022324082240473295","111:68;113:68","111:0.004089458906321286;113:0.003396212354763173","111:0.0020393744466888075;113:0.002076376527848728","0.0078125","Yes"
"113","177.92204504357557","50.88474863692874","0.0894775390625","0.087890625","0.091064453125","1560","0.00020121192586788737","24","0.00020121192586788737","0","0.00020121192586788737","0.00020121192586788737","119:68;112:68;114:68","119:0.005373442074274398;112:0.003396212354763173;114:0.002865435049405868","119:0.0029983071114798032;112:0.002076376527848728;114:0.002778073497854583","0.0894775390625","Yes"
"114","99.47852364331891","72.57806006587252","0.0081787109375","0.009033203125","0.00732421875","1560","0.0002473815484011592","24","0.0002473815484011592","0","0.0002473815484011592","0.0002473815484011592","115:68;113:68","115:0.0025184497602066536;113:0.002865435049405868","115:0.002400722611679146;113:0.002778073497854583","0.0081787109375","Yes"
"115","150.08319993859462","128.1549606858062","0.010009765625","0.01171875","0.00830078125","1560","0.0002106877968323169","24","0.0002106877968323169","0","0.0002106877968323169","0.0002106877968323169","99:68;114:68","99:0.0021611452410162657;114:0.0025184497602066536","114:0.002400722611679146","0.010009765625","Yes"
"116","164.0714879425456","203.98809641841385","0.0406494140625","0.04150390625","0.039794921875","1560","0.0002815424597056785","24","0.0002815424597056785","0","0.0002815424597056785","0.0002815424597056785","101:68;121:68","101:0.0019459892210666463;121:0.0017797824502976678","101:0.0020368963242786975;121:0.0015000512033213342","0.0406494140625","Yes"
"117","155.989052673755","185.34231315814188","0.0252685546875","0.024658203125","0.02587890625","1560","0.0002882544371362489","24","0.0002882544371362489","0","0.0002882544371362489","0.0002882544371362489","105:68;125:68","105:0.0019672576493874883;125:0.0018825980735288905","105:0.0024754008707294217;125:0.0018503634592608176","0.0252685546875","Yes"
"118","211.03146248950085","64.78374019372235","0.014404296875","0.01708984375","0.01171875","1560","0.00025477124185173215","24","0.00025477124185173215","0","0.00025477124185173215","0.00025477124185173215","109:68;129:68","109:0.0029106468797774065;129:0.002919140033484313","109:0.0026529961026267868;129:0.002178811488089988","0.014404296875","Yes"
"119","105.61458624812458","150.9962486409753","0.01025390625","0.01123046875","0.00927734375","1560","0.000569979612546408","24","0.000569979612546408","0","0.000569979612546408","0.000569979612546408","113:68;133:68","113:0.005373442074274398;133:0.005363742077636319","113:0.0029983071114798032;133:0.0027774550633760386","0.01025390625","Yes"
"120","188.39180533634072","237.436323745277","0.00634765625","0.0087890625","0.00390625","1560","0.00016206317757789016","24","0.00016206317757789016","0","0.00016206317757789016","0.00016206317757789016","121:68","121:0.0021419766879706703","121:0.001728536639424877","0.00634765625","Yes"
"121","117.289245960693","116.8713763544928","0.018310546875","0.021240234375","0.015380859375","1560","0.00017169448760992394","24","0.00017169448760992394","0","0.00017169448760992394","0.00017169448760992394","120:68;122:68;116:68","120:0.0021419766879706703;122:0.0033876271804365587;116:0.0017797824502976678","120:0.001728536639424877;122:0.0019689904266739777;116:0.0015000512033213342","0.018310546875","Yes"
"122","128.6489363059094","74.89484262386924","0.0087890625","0.010986328125","0.006591796875","1560","0.00030988227068487256","24","0.00030988227068487256","0","0.00030988227068487256","0.00030988227068487256","121:68;123:68","121:0.0033876271804365587;123:0.0024995345487532628","121:0.0019689904266739777;123:0.002538110086921036","0.0087890625","Yes"
"123","112.62347497041378","101.19057600652195","0.020751953125","0.02392578125","0.017578125","1560","0.000252968051856616","24","0.000252968051856616","0","0.000252968051856616","0.000252968051856616","136:68;124:68;122:68","136:0.002309953623258698;124:0.002312470179466203;122:0.0024995345487532628","136:0.002405411135034452;124:0.002016797744477161;122:0.002538110086921036","0.020751953125","Yes"
"124","119.09918878942689","135.88536736447696","0.0089111328125","0.010009765625","0.0078125","1560","0.000309960601792248","24","0.000309960601792248","0","0.000309960601792248","0.000309960601792248","123:68;125:68","123:0.002312470179466203;125:0.0019565226666162783","123:0.002016797744477161;125:0.001753007479356944","0.0089111328125","Yes"
"125","135.03517050855328","59.2385804854103","0.03466796875","0.0478515625","0.021484375","1560","0.0002921332893855972","24","0.0002921332893855972","0","0.0002921332893855972","0.0002921332893855972","117:68;124:68;126:68","117:0.0018825980735288905;124:0.0019565226666162783;126:0.0036403222111064115","117:0.0018503634592608176;124:0.001753007479356944;126:0.002201751546216074","0.03466796875","Yes"
"126","141.16169859024504","50.74354714103573","0.0074462890625","0.0078125","0.007080078125","1560","0.00031414072091780703","24","0.00031414072091780703","0","0.00031414072091780703","0.00031414072091780703","127:68;125:68","127:0.0020629927008435633;125:0.0036403222111064115","127:0.0023138009048994657;125:0.002201751546216074","0.0074462890625","Yes"
"127","154.72642669209233","150.98906561197145","0.04833984375","0.0458984375","0.05078125","1560","0.00025677242360616973","24","0.00025677242360616973","0","0.00025677242360616973","0.00025677242360616973","126:68;128:68;137:68","126:0.0020629927008435633;128:0.001634165725523301;137:0.0017214646234001707","126:0.0023138009048994657;128:0.001974278844591476;137:0.002066219411229364","0.04833984375","Yes"
"128","138.459724638874","61.42901977521159","0.046142578125","0.0478515625","0.04443359375","1560","0.0001988091351617012","24","0.0001988091351617012","0","0.0001988091351617012","0.0001988091351617012","127:68;129:68","127:0.001634165725523301;129:0.0023875955641282642","127:0.001974278844591476;129:0.0024566822780226483","0.046142578125","Yes"
"129","80.58106372503089","71.4707449078171","0.015869140625","0.0234375","0.01416015625","1560","0.0001988199938533166","24","0.0001988199938533166","0","0.0001988199938533166","0.0001988199938533166","130:68;128:68;118:68","130:0.003261637552139096;128:0.0023875955641282642;118:0.002919140033484313","130:0.0023900972090309114;128:0.0024566822780226483;118:0.002178811488089988","0.015869140625","Yes"
"130","132.12476329338915","104.61081225169178","0.0052490234375","0.006103515625","0.00439453125","1560","0.000330949972499848","24","0.000330949972499848","0","0.000330949972499848","0.000330949972499848","129:68;131:68","129:0.003261637552139096;131:0.0026655104189221013","129:0.0023900972090309114;131:0.0020438745464701202","0.0052490234375","Yes"
"131","299.08522876129047","205.94561552948585","0.1102294921875","0.107666015625","0.11279296875","1560","0.0002021907729496639","24","0.0002021907729496639","0","0.0002021907729496639","0.0002021907729496639","138:68;130:68;132:68","138:0.0027937349264612332;130:0.0026655104189221013;132:0.002097942743531339","138:0.0022634988760849295;130:0.0020438745464701202;132:0.0014058825390280694","0.1102294921875","Yes"
"132","166.39512816066878","179.05089512924172","0.0028076171875","0.00439453125","0.001220703125","1560","0.0002081979199604287","24","0.0002081979199604287","0","0.0002081979199604287","0.0002081979199604287","133:68;131:68","133:0.0026639347429190108;131:0.002097942743531339","133:0.0019006134120562734;131:0.0014058825390280694","0.0028076171875","Yes"
"133","111.0522589950645","43.64261356832712","0.027099609375","0.028076171875","0.026123046875","1560","0.00016840743435567393","24","0.00016840743435567393","0","0.00016840743435567393","0.00016840743435567393","132:68;134:68;119:68","132:0.0026639347429190108;134:0.0026919324314648163;119:0.005363742077636319","132:0.0019006134120562734;134:0.0024699044952059546;119:0.0027774550633760386","0.027099609375","Yes"
"134","124.56935056267413","35.09608130646317","0.0072021484375","0.006591796875","0.0078125","1560","0.0004416268556214508","24","0.0004416268556214508","0","0.0004416268556214508","0.0004416268556214508","133:68;135:68","133:0.0026919324314648163;135:0.002798857842375796","133:0.0024699044952059546;135:0.009633085301173683","0.0072021484375","Yes"
"135","270.03011167676095","248.529828705714","0.072021484375","0.07080078125","0.0732421875","1560","0.00018135785554835475","24","0.00018135785554835475","0","0.00018135785554835475","0.00018135785554835475","134:68;139:68","134:0.002798857842375796;139:0.0036945178338498863","134:0.009633085301173683;139:0.0035357841336745854","0.072021484375","Yes"
"136","117.1515430093873","116.92371997019787","0.0048828125","0.005859375","0.00390625","1560","0.0002201042402634185","24","0.0002201042402634185","0","0.0002201042402634185","0.0002201042402634185","123:68;143:68","123:0.002309953623258698;143:0.00197039423427231","123:0.002405411135034452;143:0.0014929029353254741","0.0048828125","Yes"
"137","136.71223782587947","140.64291712877753","0.006103515625","0.00830078125","0.00390625","1560","0.0002758409218918772","24","0.0002758409218918772","0","0.0002758409218918772","0.0002758409218918772","147:68;127:68","147:0.0025243751847453533;127:0.0017214646234001707","147:0.002717506563710975;127:0.002066219411229364","0.006103515625","Yes"
"138","106.07946894853345","132.5122214003022","0.011962890625","0.01708984375","0.0068359375","1560","0.00025823036328131353","24","0.00025823036328131353","0","0.00025823036328131353","0.00025823036328131353","151:68;131:68","151:0.002358133791297151;131:0.0027937349264612332","151:0.00217764446680746;131:0.0022634988760849295","0.011962890625","Yes"
"139","64.89595731791869","27.661311295379345","0.0103759765625","0.016357421875","0.00439453125","1560","0.0005002217535711421","24","0.0005002217535711421","0","0.0005002217535711421","0.0005002217535711421","155:68;135:68","155:0.0029573803467682347;135:0.0036945178338498863","155:0.0020482650041521167;135:0.0035357841336745854","0.0103759765625","Yes"
"140","134.41891013045705","130.6323984902858","0.0294189453125","0.0283203125","0.030517578125","1560","0.0002128071019926161","24","0.0002128071019926161","0","0.0002128071019926161","0.0002128071019926161","141:68","141:0.0018397584793294341","141:0.002009889841765561","0.0294189453125","Yes"
"141","99.34862880430173","86.34960027072727","0.010986328125","0.01513671875","0.0068359375","1560","0.0002091455962623984","24","0.0002091455962623984","0","0.0002091455962623984","0.0002091455962623984","140:68;142:68","140:0.0018397584793294341;142:0.002162555368974417","140:0.002009889841765561;142:0.002024734970941827","0.010986328125","Yes"
"142","149.08837071065045","162.08071602278187","0.0107421875","0.014892578125","0.006591796875","1560","0.00022908617071901112","24","0.00022908617071901112","0","0.00022908617071901112","0.00022908617071901112","143:68;141:68","143:0.0019877967298379817;141:0.002162555368974417","143:0.0021845828053344285;141:0.002024734970941827","0.0107421875","Yes"
"143","235.19125407195995","244.83128270157047","0.006591796875","0.009765625","0.00341796875","1560","0.00016526176483679713","24","0.00016526176483679713","0","0.00016526176483679713","0.00016526176483679713","142:68;144:68;136:68","142:0.0019877967298379817;144:0.0021288979909029893;136:0.00197039423427231","142:0.0021845828053344285;144:0.0019930596332951023;136:0.0014929029353254741","0.006591796875","Yes"
"144","106.61597701206681","134.57014664637816","0.0130615234375","0.016357421875","0.009765625","1560","0.000140622198586443","24","0.000140622198586443","0","0.000140622198586443","0.000140622198586443","145:68;143:68","145:0.0018901278910458952;143:0.0021288979909029893","145:0.0016160955216026895;143:0.0019930596332951023","0.0130615234375","Yes"
"145","166.78508220082233","152.96935753294957","0.0399169921875","0.040283203125","0.03955078125","1560","0.0001898430449432422","24","0.0001898430449432422","0","0.0001898430449432422","0.0001898430449432422","144:68;146:68","144:0.0018901278910458952;146:0.0015179563129432139","144:0.0016160955216026895;146:0.0017574314252360723","0.0399169921875","Yes"
"146","75.97912772757151","30.553995614343734","0.010498046875","0.015625","0.00927734375","1560","0.00016128348321148056","24","0.00016128348321148056","0","0.00016128348321148056","0.00016128348321148056","145:68;147:88","145:0.0015179563129432139;147:0.0023554360949948894","145:0.0017574314252360723;147:0.002447529830362394","0.010498046875","Yes"
"147","96.80862497440737","83.3127527970997","0.0133056640625","0.014404296875","0.01220703125","1560","0.00021065860149449482","24","0.00021065860149449482","0","0.00021065860149449482","0.00021065860149449482","148:68;137:68;146:88","148:0.0024912547027585996;137:0.0025243751847453533;146:0.0023554360949948894","148:0.0025596049945358634;137:0.002717506563710975;146:0.002447529830362394","0.0133056640625","Yes"
"148","141.03068921122028","145.35466858849225","0.0084228515625","0.01123046875","0.005615234375","1560","0.00034955852260354993","24","0.00034955852260354993","0","0.00034955852260354993","0.00034955852260354993","147:68;149:68","147:0.0024912547027585996;149:0.015027950178803012","147:0.0025596049945358634;149:0.019000483334363938","0.0084228515625","Yes"
"149","41.37256207625191","5.476646075479776","0.0771484375","0.090087890625","0.064208984375","1560","0.04358904148757607","24","0.04358904148757607","0","0.04358904148757607","0.04358904148757607","150:68;148:68","150:0.012483150361400824;148:0.015027950178803012","150:0.017713423935673767;148:0.019000483334363938","0.0771484375","Yes"
"150","167.69526630604986","6.223927366337731","0.0059814453125","0.009033203125","0.0029296875","1560","0.0007613070390745747","24","0.0007613070390745747","0","0.0007613070390745747","0.0007613070390745747","149:68;151:68","149:0.012483150361400824;151:0.007522625092587776","149:0.017713423935673767;151:0.006929134087083733","0.0059814453125","Yes"
"151","94.22510215896965","135.1390184250998","0.0146484375","0.019775390625","0.009521484375","1560","0.00021737616569767477","24","0.00021737616569767477","0","0.00021737616569767477","0.00021737616569767477","138:68;152:68;150:68","138:0.002358133791297151;152:0.0026046239928370074;150:0.007522625092587776","138:0.00217764446680746;152:0.001968017153249624;150:0.006929134087083733","0.0146484375","Yes"
"152","86.38998951087795","120.24786199902009","0.0123291015625","0.016845703125","0.0078125","1560","0.00041213613749169675","24","0.00041213613749169675","0","0.00041213613749169675","0.00041213613749169675","151:68;153:68","151:0.0026046239928370074;153:0.0031929252898413585","151:0.001968017153249624;153:0.002163729261833669","0.0123291015625","Yes"
"153","166.4968504883116","63.91144985211902","0.0281982421875","0.02978515625","0.026611328125","1560","0.000184317255717014","24","0.000184317255717014","0","0.000184317255717014","0.000184317255717014","152:68;154:68","152:0.0031929252898413585;154:0.0024373513826523863","152:0.002163729261833669;154:0.0019613049055249854","0.0281982421875","Yes"
"154","164.80511295572416","115.83249592685215","0.00537109375","0.0078125","0.0029296875","1560","0.0003037947146102069","24","0.0003037947146102069","0","0.0003037947146102069","0.0003037947146102069","153:68;155:68","153:0.0024373513826523863;155:0.002518830966550145","153:0.0019613049055249854;155:0.002102746141096623","0.00537109375","Yes"
"155","163.8266975437204","13.406811079237126","0.01953125","0.020751953125","0.018310546875","1560","0.00015388298248070648","24","0.00015388298248070648","0","0.00015388298248070648","0.00015388298248070648","139:68;154:68","139:0.0029573803467682347;154:0.002518830966550145","139:0.0020482650041521167;154:0.002102746141096623","0.01953125","Yes"